"File name","Timestamp","Success","Print time","Filament length","Filament volume"
"bridging_test.gcode","-","-","-","-","-"
"bridge50.gcode","1446748758.960164","False","-","220.55219999999974","0.0"
"temp_kalibr_quader.gcode","1446737922.898159","False","-","-","-"
"temp_kalibr_quader.gcode","1446738994.881261","False","0.5575299263000488","2047.9839000001","0.0"
"bridging_test.gcode","1446760562.75349","True","2808.604525089264","-","-"
"bridging_test.gcode","1446693873.368026","False","-","-","-"
"overhang_test.gcode","1446765542.913802","True","4234.43354010582","-","-"
"temp_kalibr_quader.gcode","1446745869.77451","False","-","-","-"
"bridge50.gcode","1446747691.014092","False","-","220.55219999999974","0.0"
"bridging_test.gcode","1446701448.616092","False","-","2226.8856000003007","0.0"
"bridging_test.gcode","1446690808.297399","False","-","2226.8856000003007","0.0"
"dimensional_accuracy_test.gcode","1446757347.534328","True","2527.7707409858704","-","-"
"temp_kalibr_quader.gcode","1446739543.00057","False","-","-","-"
